MSOA_name,MSOA_code,Rec_obesity,Rec_overweight,Y6_obesity,Y6_overweight,Sum,"L1, L2 and L3","L4, L5 and L6",L7,L8 and L9,L10 and L11,L12,L13,L14.1 and L14.2,L15,x,y
Bolton 001,E02000984,5.405405405,16.21621622,12,26,1958,0.276813075,602,193,275,97,108,98,33,10,371377.299,414046.6208
Bolton 002,E02000985,,15.38461538,15.38461538,30.76923077,1828,0.241794311,558,197,254,89,126,124,28,10,373100.9866,412751.1233
Bolton 003,E02000986,5.555555556,16.66666667,17.24137931,34.48275862,2095,363,533,264,323,145,195,222,33,17,371758.7737,412607.0782
Bolton 004,E02000987,9.375,18.75,16.27906977,34.88372093,1882,262,437,221,205,163,237,257,83,17,363852.408,411812.337
Bolton 005,E02000988,4.166666667,14.58333333,21.42857143,37.14285714,2166,206,417,282,314,114,308,343,145,37,371316.0089,411663.0274
Bolton 006,E02000989,5.882352941,23.52941176,15.2173913,32.60869565,2020,375,594,231,295,132,144,184,58,7,374415.0944,411521.3501
Bolton 007,E02000990,11.62790698,20.93023256,16.66666667,27.77777778,2240,445,583,256,249,164,213,258,52,20,364345.0773,410950.7714
Bolton 008,E02000991,6.666666667,20,23.21428571,35.71428571,2031,320,468,222,285,125,226,279,95,11,370089.3052,410843.1625
Bolton 009,E02000992,5.555555556,16.66666667,21.42857143,38.0952381,1609,318,421,191,196,118,130,174,53,8,361738.0688,410718.133
Bolton 010,E02000993,13.55932203,27.11864407,24.28571429,40,2200,168,378,240,215,149,380,421,210,39,372759.7914,410856.6727
Bolton 011,E02000994,9.259259259,18.51851852,25.27472527,38.46153846,2023,77,223,178,291,100,337,471,314,32,371039.1591,410675.5507
Bolton 012,E02000995,8.695652174,19.56521739,20,33.84615385,2031,395,461,183,246,98,209,303,124,12,368748.1524,410519.6423
Bolton 013,E02000996,13.7254902,27.45098039,23.75,38.75,2125,129,278,229,220,152,367,411,297,42,374257.2972,410161.6406
Bolton 014,E02000997,7.692307692,11.53846154,15.38461538,28.20512821,1643,353,420,183,199,96,143,181,58,10,365531.5969,410018.34
Bolton 015,E02000998,10,18.33333333,26.43678161,39.08045977,2330,159,281,203,408,138,353,504,241,43,370227.4515,409730.1881
Bolton 016,E02000999,13.63636364,25,18.46153846,29.23076923,1785,96,212,135,235,79,254,387,340,47,371359.7347,409690.541
Bolton 017,E02001000,11.9047619,21.42857143,17.1875,34.375,2272,193,407,263,302,164,328,421,158,36,373073.2795,409526.5669
Bolton 018,E02001001,8.510638298,19.14893617,25.35211268,36.61971831,2093,392,394,199,315,95,237,300,131,30,369592.0776,409117.2602
Bolton 019,E02001002,13.7254902,25.49019608,25,36.25,2509,242,530,294,294,215,349,390,169,26,374494.3737,408842.7084
Bolton 020,E02001003,,16,20,32.5,1682,517,437,132,266,55,102,112,55,6,368287.5599,408473.8546
Bolton 021,E02001004,8.219178082,15.06849315,23.52941176,37.64705882,2041,105,174,157,294,111,299,499,367,35,370445.058,408284.6131
Bolton 022,E02001005,15.25423729,25.42372881,28.125,43.75,2124,155,263,203,386,98,289,481,219,30,372151.9928,407518.5959
Bolton 023,E02001006,9.375,18.75,22.78481013,39.24050633,2011,130,255,208,323,103,304,430,232,26,370438.6911,407550.6424
Bolton 024,E02001007,8.510638298,25.53191489,26.76056338,43.66197183,2494,286,510,386,288,222,301,378,112,11,375572.7298,407388.4094
Bolton 025,E02001008,12.5,18.75,27,40,2037,95,214,177,373,97,315,442,292,32,371154.5594,407271.4432
Bolton 026,E02001009,10.86956522,19.56521739,24.24242424,36.36363636,1789,171,291,206,251,116,263,344,131,16,369662.9585,407109.225
Bolton 027,E02001010,14.58333333,29.16666667,27.5862069,39.65517241,1611,113,219,188,271,116,245,285,162,12,373494.8417,406547.5787
Bolton 028,E02001011,8,20,19.35483871,32.25806452,2527,504,726,305,328,171,192,227,58,16,366205.1452,406465.429
Bolton 029,E02001012,10.20408163,22.44897959,24.70588235,42.35294118,2156,174,361,232,393,146,287,395,148,20,372297.0696,406329.682
Bolton 030,E02001013,13.04347826,21.73913043,17.07317073,34.14634146,1507,271,421,184,218,90,123,125,59,16,368823.4338,406257.1578
Bolton 031,E02001014,9.523809524,23.80952381,26.41509434,39.62264151,2225,263,513,258,254,164,269,374,119,11,365262.786,405779.6045
Bolton 032,E02001015,11.11111111,22.22222222,29.09090909,47.27272727,1986,163,347,254,199,157,295,386,162,23,373831.4635,405555.3164
Bolton 033,E02001016,10,26,24.70588235,43.52941176,2269,113,373,286,227,147,372,497,209,45,372461.0818,405324.6372
Bolton 034,E02001017,10.90909091,25.45454545,23.75,40,2789,348,640,347,338,222,333,429,122,10,375416.0977,405005.1087
Bolton 035,E02001018,11.11111111,25,17.85714286,32.14285714,2120,391,583,248,275,156,180,228,54,5,365206.5868,404563.3163
Bury 001,E02001019,9.375,28.125,16.66666667,30.95238095,2318,509,675,238,276,129,180,233,60,18,378887.4224,416537.5354
Bury 002,E02001020,10.52631579,21.05263158,20,32,1370,367,425,143,166,64,98,73,31,3,378121.9723,414744.2244
Bury 003,E02001021,,18.51851852,10.34482759,20.68965517,1942,548,594,204,260,105,101,97,26,7,377771.7389,413841.5201
Bury 004,E02001022,8.333333333,19.44444444,30.55555556,47.22222222,1994,312,497,227,271,123,214,238,92,20,380709.9977,412797.8874
Bury 005,E02001023,9.523809524,14.28571429,19.23076923,30.76923077,1420,260,343,143,182,84,153,160,77,18,379421.4221,412398.296
Bury 006,E02001024,6.25,21.875,16.12903226,25.80645161,2110,352,598,249,263,187,182,221,44,14,378117.3268,412172.7233
Bury 007,E02001025,12.5,27.5,27.08333333,43.75,2081,175,345,208,214,144,350,390,223,32,382114.3303,411517.2418
Bury 008,E02001026,12.5,26.38888889,32.35294118,45.58823529,2761,181,398,276,415,163,414,575,303,36,381220.5915,410913.1202
Bury 009,E02001027,10.81081081,27.02702703,28.94736842,42.10526316,1865,238,427,262,188,142,240,246,103,19,379204.3524,411092.8885
Bury 010,E02001028,7.407407407,14.81481481,13.79310345,24.13793103,1704,420,494,204,211,104,96,134,35,6,378207.8229,410435.4002
Bury 011,E02001029,10.81081081,21.62162162,28.88888889,42.22222222,1839,179,336,221,292,117,248,297,131,18,380586.6754,409821.1828
Bury 012,E02001030,11.11111111,22.22222222,23.07692308,34.61538462,1659,361,464,177,227,105,125,150,41,9,376459.6505,409125.0271
Bury 013,E02001031,6.666666667,20,22.58064516,38.70967742,1685,235,359,178,254,119,217,208,97,18,380600.3492,408763.4668
Bury 014,E02001032,9.375,25,19.44444444,36.11111111,1987,237,456,275,261,162,234,263,79,20,377682.2465,408237.1639
Bury 015,E02001033,14.28571429,32.14285714,30,43.33333333,1654,183,354,235,166,151,209,246,91,19,379431.0035,407964.7771
Bury 016,E02001034,11.11111111,24.44444444,24.44444444,42.22222222,2120,152,339,274,199,183,362,392,184,35,377882.8015,407411.6613
Bury 017,E02001035,11.53846154,23.07692308,25.80645161,32.25806452,1793,382,512,186,244,120,146,132,61,10,381466.6076,407092.5541
Bury 018,E02001036,10,25,17.5,32.5,1971,315,417,226,233,131,247,262,105,35,378636.2226,406309.1719
Bury 019,E02001037,7.692307692,19.23076923,10.34482759,20.68965517,1740,484,527,164,240,72,111,98,35,9,380020.4017,405993.0691
Bury 020,E02001038,12.5,20.83333333,29.62962963,40.74074074,1468,247,355,180,182,86,167,173,67,11,380770.8771,405716.4866
Bury 021,E02001039,13.33333333,33.33333333,28,40,2311,243,469,304,268,184,315,314,177,37,381585.4072,405784.7192
Bury 022,E02001040,11.11111111,25.92592593,25.92592593,40.74074074,1586,362,416,180,219,83,141,120,54,11,381892.3276,405040.9587
Bury 023,E02001041,8.823529412,23.52941176,25.71428571,34.28571429,2075,388,561,257,206,105,212,225,104,17,382067.3488,403980.1758
Bury 024,E02001042,7.142857143,17.85714286,23.07692308,34.61538462,1585,400,466,171,173,70,111,115,72,7,381370.4261,403523.4078
Bury 025,E02001043,6.666666667,16.66666667,24.13793103,34.48275862,1477,311,401,153,161,72,163,132,71,13,380934.6656,402822.9957
Bury 026,E02001044,6.382978723,21.27659574,13.1147541,29.50819672,2002,465,554,206,332,95,149,127,61,13,382643.3557,402811.7987
Manchester 001,E02001045,14.92537313,32.8358209,21.25,36.25,2135,130,373,278,215,140,368,369,220,42,385019.2637,404177.1847
Manchester 002,E02001046,13.97849462,25.80645161,29.41176471,44.11764706,2914,309,513,365,339,172,383,477,292,64,386008.0016,403386.082
Manchester 003,E02001047,13.92405063,27.84810127,24.70588235,42.35294118,2610,229,459,319,279,160,427,478,192,67,387749.7557,403086.7196
Manchester 004,E02001048,12,24,29.16666667,43.05555556,2166,207,374,245,388,132,311,306,161,42,384051.0826,402850.5009
Manchester 005,E02001049,12.16216216,29.72972973,23.45679012,41.97530864,2720,295,502,376,341,189,350,435,167,65,388776.0303,402237.7641
Manchester 006,E02001050,9.411764706,22.35294118,28.91566265,44.57831325,2035,111,244,196,293,136,339,421,238,57,385782.7576,402091.6619
Manchester 007,E02001051,13.82978723,27.65957447,28.08988764,44.94382022,2392,178,379,270,252,166,388,463,220,76,387135.9471,401783.8332
Manchester 008,E02001052,12.6984127,23.01587302,26.17449664,42.95302013,3136,193,391,265,716,160,459,537,359,56,384355.7009,401586.0667
Manchester 009,E02001053,12.5,26.92307692,31.09243697,45.37815126,2901,142,318,298,240,182,493,692,425,111,386297.0385,401095.3718
Manchester 011,E02001055,14.63414634,30.48780488,25,44.04761905,2387,146,364,280,235,147,370,500,288,57,388245.0553,400271.8645
Manchester 012,E02001056,14.11764706,25.88235294,31.25,45.83333333,2178,101,249,233,214,151,380,477,295,78,388338.3432,399069.2584
Manchester 013,,13.04347826,31.88405797,29.85074627,44.7761194,0,,,,,,,,,,,
Manchester 015,E02001059,11.66666667,23.33333333,27.88461538,41.34615385,3091,293,494,303,294,202,461,571,353,120,387360.5108,398083.5211
Manchester 017,E02001061,15.55555556,28.88888889,31.13207547,44.33962264,2799,202,405,328,239,186,442,563,350,84,389022.2986,397080.38
Manchester 018,E02001062,16.66666667,23.07692308,30.12048193,44.57831325,2311,236,388,220,240,116,269,353,271,218,385481.7887,396662.0324
Manchester 019,E02001063,12.5,25,23.91304348,39.13043478,2130,291,397,191,184,85,198,242,153,389,383833.3449,396449.7333
Manchester 020,E02001064,15.05376344,24.7311828,30.39215686,45.09803922,2570,173,344,257,349,213,341,539,294,60,387249.9184,396292.9268
Manchester 021,E02001065,12.34567901,25.92592593,31.70731707,47.56097561,2478,160,356,289,202,163,372,558,299,79,389351.081,396400.2563
Manchester 022,E02001066,12.5,21.875,31.14754098,44.26229508,2276,162,328,179,275,98,239,320,210,465,386096.1306,395662.8298
Manchester 023,E02001067,15.78947368,30.70175439,33.91304348,47.82608696,2816,168,357,292,338,151,518,559,350,83,388406.5765,395507.1893
Manchester 024,E02001068,12.74509804,21.56862745,27.64227642,40.6504065,2766,221,358,272,359,117,397,500,397,145,383870.4411,395394.7395
Manchester 025,E02001069,11.65048544,23.30097087,27.90697674,41.86046512,3032,254,462,296,304,144,300,420,387,465,384720.7124,395197.7467
Manchester 026,E02001070,14.58333333,25,25.45454545,41.81818182,2046,195,318,161,271,86,164,256,223,372,385888.8428,395023.2475
Manchester 027,,13.37579618,23.56687898,28.32369942,43.93063584,0,,,,,,,,,,,
Manchester 028,E02001072,7.547169811,16.98113208,23.07692308,38.46153846,2196,487,582,189,289,97,176,198,126,52,382730.801,394914.0338
Manchester 029,E02001073,3.846153846,11.53846154,15.38461538,28.84615385,2443,817,742,203,261,60,135,133,65,27,381576.7593,394341.9087
Manchester 030,E02001074,9.589041096,21.91780822,26.04166667,40.625,2766,403,529,259,405,142,287,386,281,74,383948.1875,394346.7842
Manchester 031,E02001075,12.12121212,27.27272727,26.38888889,38.88888889,2258,282,479,221,339,138,255,321,174,49,387566.6261,394127.5746
Manchester 032,E02001076,11.11111111,22.22222222,25.80645161,41.93548387,2098,196,305,132,181,49,126,144,104,861,385638.1313,394025.4864
Manchester 033,E02001077,4.761904762,16.66666667,20.93023256,34.88372093,1957,645,574,156,239,53,98,89,80,23,382166.9765,393660.6006
Manchester 034,E02001078,8.219178082,20.54794521,28.57142857,41.66666667,2605,439,590,277,468,110,210,272,158,81,386956.4026,393424.4257
Manchester 035,E02001079,12.24489796,20.40816327,31.50684932,47.94520548,2414,289,477,235,250,112,279,282,214,276,384338.6061,393430.7033
Manchester 036,E02001080,8.823529412,23.52941176,20,36.66666667,2317,270,388,166,165,69,163,182,114,800,385806.4462,393362.1726
Manchester 037,E02001081,4.761904762,21.42857143,15,27.5,1784,635,527,147,147,59,104,103,44,18,381521.1741,393318.8222
Manchester 038,E02001082,7.407407407,18.51851852,20,40,1778,518,493,159,141,43,101,105,77,141,384484.7201,392626.8246
Manchester 039,E02001083,6.25,18.75,21.42857143,32.14285714,2342,849,699,190,177,53,118,121,86,49,383750.6613,392334.615
Manchester 040,E02001084,8.695652174,17.39130435,20.93023256,34.88372093,2194,534,546,207,193,87,168,152,102,205,385323.3349,392396.63
Manchester 041,E02001085,11.53846154,20.51282051,30.23255814,45.34883721,2308,207,389,287,274,119,322,390,285,35,386368.0979,392247.7845
Manchester 042,E02001086,7.5,20,28.57142857,38.0952381,1822,482,472,187,166,69,162,149,104,31,382841.8192,391831.5655
Manchester 043,E02001087,5.454545455,12.72727273,13.15789474,23.68421053,2498,1050,751,160,233,49,91,72,50,42,384694.892,391245.3592
Manchester 044,E02001088,11.68831169,25.97402597,28.04878049,41.46341463,2438,259,475,349,250,158,352,394,174,27,381188.0257,390496.2231
Manchester 045,E02001089,6.12244898,14.28571429,13.95348837,30.23255814,2129,687,625,174,275,69,119,107,56,17,385268.9097,390322.1458
Manchester 046,E02001090,5.555555556,19.44444444,22.85714286,37.14285714,1806,439,476,202,188,102,128,166,81,24,382955.7692,389953.6702
Manchester 047,E02001091,6.896551724,18.96551724,26.92307692,42.30769231,2188,343,490,301,235,121,256,288,135,19,379878.054,389680.4814
Manchester 048,E02001092,13.04347826,28.98550725,29.33333333,44,2356,228,478,313,252,169,319,401,157,39,381304.001,388958.3503
Manchester 049,E02001093,10.86956522,28.26086957,28.40909091,43.18181818,2569,227,442,310,223,209,388,472,254,44,382984.929,388287.916
Manchester 050,E02001094,15.30612245,27.55102041,30.43478261,45.65217391,2644,159,359,297,207,193,419,617,339,54,382409.9427,387665.0199
Manchester 051,E02001095,12,29.33333333,28.35820896,41.79104478,2413,180,422,364,235,186,356,432,198,40,381251.5531,387389.517
Manchester 052,E02001096,13.7254902,27.45098039,24.56140351,38.59649123,2137,212,377,317,204,157,295,372,170,33,383489.9339,386784.1516
Manchester 053,E02001097,12.85714286,27.14285714,28.33333333,46.66666667,2329,143,347,307,229,189,337,499,242,36,382392.996,386302.128
Manchester 054,E02006902,17.64705882,23.52941176,23.07692308,38.46153846,2379,571,679,280,126,84,163,199,105,172,384532.4345,398914.2451
Manchester 055,E02006912,,,,,2719,849,844,223,113,73,97,110,37,373,384705.9834,398147.3324
Manchester 056,E02006913,15.55555556,28.88888889,32,48,2002,356,418,216,261,88,217,224,173,49,384435.0533,400505.6858
Manchester 057,E02006914,,21.42857143,,,1222,292,277,119,51,41,55,81,44,262,383953.3053,397185.1359
Manchester 058,E02006915,14.47368421,26.31578947,30.85106383,43.61702128,2124,189,339,184,331,106,281,353,288,53,383790.3319,400591.701
Manchester 059,E02006916,8.333333333,16.66666667,23.52941176,41.17647059,2203,498,634,246,130,78,177,179,109,152,382765.678,397166.4768
Manchester 060,E02006917,,,,,2021,689,623,173,95,52,72,68,30,219,383362.1668,397478.813
Oldham 001,E02001098,5.128205128,20.51282051,20,37.14285714,1438,180,319,177,181,112,158,237,64,10,392990.4291,409699.1891
Oldham 002,E02001099,10,30,24.24242424,36.36363636,1479,165,298,177,171,113,228,238,78,11,394099.3158,409572.631
Oldham 003,E02001100,10.25641026,23.07692308,25.80645161,35.48387097,1497,224,375,171,191,106,160,190,69,11,393928.1767,408932.0616
Oldham 004,E02001101,6.451612903,16.12903226,21.21212121,33.33333333,1414,220,385,188,170,89,135,163,58,6,391382.6076,408674.0729
Oldham 005,E02001102,10.52631579,21.05263158,20,35.55555556,1599,218,398,219,206,118,160,214,54,12,392887.3817,408034.8489
Oldham 006,E02001103,,16.66666667,,17.64705882,1360,390,384,116,215,61,77,80,29,8,399544.459,407871.9202
Oldham 007,E02001104,10.25641026,23.07692308,30.76923077,43.58974359,1975,263,432,232,256,159,244,269,102,18,395109.1396,407612.4757
Oldham 008,E02001105,6.896551724,13.79310345,23.33333333,36.66666667,1494,184,351,209,162,104,187,227,61,9,391420.5314,407332.4194
Oldham 009,E02001106,8.571428571,22.85714286,29.03225806,41.93548387,1478,166,332,179,163,117,181,243,84,13,392375.4183,407131.4317
Oldham 010,E02001107,7.142857143,19.04761905,23.40425532,44.68085106,1643,204,353,192,221,145,168,242,96,22,390626.1354,406283.3074
Oldham 011,E02001108,10.63829787,21.27659574,31.57894737,42.10526316,1610,78,207,175,147,132,294,386,163,28,393940.1016,406182.1696
Oldham 012,E02001109,10.52631579,26.31578947,28.57142857,42.85714286,1954,157,305,218,256,158,314,357,154,35,394688.0054,405881.6074
Oldham 013,E02001110,,16,10.71428571,25,1635,458,464,175,258,75,93,82,26,4,398245.5002,406003.5739
Oldham 014,E02001111,13.20754717,24.52830189,30.15873016,44.44444444,1928,61,201,133,186,179,278,540,295,55,392605.8888,405693.3802
Oldham 015,E02001112,,20,21.875,31.25,1532,294,419,209,198,99,110,168,31,4,389339.1543,405615.172
Oldham 016,E02001113,13.69863014,21.91780822,33.76623377,48.05194805,1956,70,191,149,279,308,195,398,323,43,391618.3539,405540.2907
Oldham 017,E02001114,13.04347826,28.26086957,25.86206897,43.10344828,2049,214,407,269,222,192,224,362,137,22,390499.3571,405264.9568
Oldham 018,E02001115,8.695652174,21.73913043,17.24137931,27.5862069,1565,209,369,189,205,116,187,209,68,13,395623.3113,405079.5708
Oldham 019,E02001116,9.433962264,16.98113208,28.57142857,42.85714286,1762,67,249,126,343,99,230,372,174,102,394336.0938,404894.9873
Oldham 020,E02001117,8.695652174,17.39130435,12,28,1466,348,458,147,195,69,110,105,28,6,399730.551,404639.808
Oldham 021,E02001118,8.333333333,16.66666667,18.18181818,31.81818182,1576,335,436,201,234,76,128,114,40,12,396448.5855,404576.325
Oldham 022,E02001119,12.85714286,22.85714286,27.27272727,41.41414141,2325,90,184,132,579,151,299,465,401,24,393608.5169,404394.6985
Oldham 024,E02001121,13.43283582,23.88059701,26.92307692,39.74358974,1806,91,156,124,386,102,224,409,278,36,392578.1327,403839.9397
Oldham 026,E02001123,15.68627451,27.45098039,23.63636364,41.81818182,1793,116,280,186,228,120,300,351,185,27,394671.9921,403678.8876
Oldham 027,E02001124,12.12121212,24.24242424,30.23255814,44.18604651,1659,110,265,202,207,105,251,339,155,25,390749.4317,403444.0817
Oldham 028,E02001125,12.82051282,28.20512821,22.85714286,40,2028,197,412,294,248,169,251,347,93,17,389777.6589,403427.8789
Oldham 029,E02001126,11.42857143,28.57142857,25.67567568,43.24324324,2294,136,288,228,244,156,368,572,253,49,392926.575,403046.0032
Oldham 030,E02001127,11.76470588,23.52941176,25,38.46153846,1994,141,284,215,239,123,326,409,229,28,391682.2955,402428.4974
Oldham 031,E02001128,8.823529412,29.41176471,23.68421053,36.84210526,1953,165,368,311,207,154,260,355,119,14,390552.7188,402061.5239
Oldham 032,E02001129,17.24137931,24.13793103,30,50,1795,171,325,265,161,126,259,327,118,43,389283.6562,401346.3477
Oldham 033,E02001130,11.11111111,22.22222222,22.72727273,50,1466,209,323,194,202,108,165,187,68,10,390655.9925,401048.7545
Oldham 034,E02001131,8.333333333,20.83333333,25,35,1432,161,305,213,179,133,164,208,61,8,389498.1682,400537.2284
Oldham 035,,11.38211382,21.13821138,27.46478873,42.25352113,0,,,,,,,,,,,
Rochdale 001,E02001132,10.25641026,23.07692308,17.77777778,33.33333333,1720,238,412,213,240,118,187,238,62,12,393625.8544,416777.2632
Rochdale 002,E02001133,10.20408163,26.53061224,15.55555556,33.33333333,1718,271,457,207,218,122,159,226,44,14,392169.0751,416536.4543
Rochdale 003,E02001134,8.333333333,22.22222222,16.66666667,30.55555556,1621,317,447,178,212,115,140,172,33,7,392856.6711,415280.4347
Rochdale 004,E02001135,12.82051282,24.35897436,28.08988764,43.82022472,1945,125,284,182,274,120,288,413,236,23,391251.3628,415257.8366
Rochdale 005,E02001136,9.803921569,21.56862745,27.27272727,42.42424242,2217,300,447,238,323,146,265,358,124,16,389340.3127,415040.1224
Rochdale 006,E02001137,6.451612903,19.35483871,22.22222222,44.44444444,1636,315,458,189,277,95,123,132,41,6,387019.0662,414845.224
Rochdale 007,E02001138,8.888888889,17.77777778,15.68627451,27.45098039,2121,521,610,221,293,94,155,151,65,11,386595.2039,414125.6242
Rochdale 008,E02001139,12.12121212,21.21212121,25.74257426,40.59405941,2319,115,288,202,370,186,280,530,321,27,390555.1198,414003.7355
Rochdale 009,E02001140,9.523809524,25.3968254,20.58823529,35.29411765,1964,164,350,237,322,131,261,314,163,22,388248.3319,413910.5393
Rochdale 010,E02001141,12.94117647,23.52941176,26.41509434,40.56603774,2677,116,306,224,427,162,348,651,396,47,389217.1013,413381.2445
Rochdale 011,E02001142,13.04347826,21.73913043,22.22222222,38.88888889,1372,353,348,138,241,55,86,104,43,4,387079.5111,412721.3744
Rochdale 012,E02001143,12.22222222,26.66666667,28.57142857,44.89795918,2787,209,387,275,449,169,389,543,325,41,390882.3114,412545.0436
Rochdale 013,E02001144,12.5,21.875,25.71428571,42.85714286,1631,224,364,204,190,130,187,255,64,13,392322.4921,412702.8244
Rochdale 014,E02001145,8.823529412,35.29411765,19.56521739,34.7826087,1857,258,502,222,216,162,176,245,60,16,393289.0967,412450.5997
Rochdale 015,E02001146,12.32876712,21.91780822,25.27472527,40.65934066,2276,105,257,196,414,130,300,501,342,31,389776.9588,412264.1649
Rochdale 016,E02001147,11.84210526,25,26.92307692,41.02564103,2712,291,499,241,294,165,374,570,233,45,390169.7778,410930.552
Rochdale 017,E02001148,12.67605634,25.35211268,23.45679012,39.50617284,2637,264,514,350,341,184,354,428,182,20,388181.556,410682.8124
Rochdale 018,E02001149,17.1875,32.8125,26.58227848,40.50632911,2667,220,421,270,284,219,411,577,221,44,385187.2345,410576.6077
Rochdale 019,E02001150,13.55932203,27.11864407,26.08695652,43.47826087,2397,183,420,285,269,173,360,484,179,44,384057.2678,410545.4901
Rochdale 020,E02001151,8.695652174,23.1884058,20.28985507,36.23188406,2628,389,570,322,337,204,285,376,131,14,386130.2572,409958.6193
Rochdale 021,E02001152,12.30769231,27.69230769,24.32432432,36.48648649,2569,273,461,318,302,203,378,452,150,32,387130.163,407142.951
Rochdale 022,E02001153,12.37113402,24.74226804,31.53153153,44.14414414,3223,269,529,330,310,264,483,648,334,56,385839.4807,406833.6174
Rochdale 023,E02001154,10.71428571,23.21428571,25.33333333,38.66666667,2736,257,527,381,302,236,380,476,148,29,388210.5829,405962.754
Rochdale 024,E02001155,11.11111111,26.66666667,27.27272727,40.90909091,1816,195,409,226,200,125,226,298,117,20,386477.618,405799.386
Rochdale 025,E02001156,10.14492754,23.1884058,22.22222222,38.0952381,2458,453,649,314,308,173,207,244,90,20,387391.484,404666.9095
Salford 001,E02001157,11.68831169,28.57142857,27.47252747,43.95604396,2233,110,344,264,212,141,361,442,294,65,371927.7626,404382.6328
Salford 002,E02001158,14.89361702,29.78723404,29.09090909,47.27272727,1543,105,247,184,165,123,250,295,149,25,372756.2219,403868.045
Salford 003,E02001159,11.86440678,25.42372881,29.09090909,40,2067,318,481,295,180,146,257,269,103,18,374054.8466,403533.2717
Salford 004,E02001160,14.70588235,27.94117647,23.28767123,38.35616438,1929,229,345,193,196,132,264,326,201,43,371897.126,403194.771
Salford 005,E02001161,12.12121212,27.27272727,30.55555556,44.44444444,1523,168,329,195,173,128,204,226,76,24,377963.2334,402824.7334
Salford 006,E02001162,12.90322581,22.58064516,30,40,1454,163,260,196,158,127,175,257,93,25,377391.5776,402519.7709
Salford 007,E02001163,6.779661017,18.6440678,19.35483871,33.87096774,2581,497,678,333,302,173,230,255,88,25,373889.0454,402498.9441
Salford 008,E02001164,10.90909091,25.45454545,28.125,45.3125,1894,216,351,276,185,121,250,276,162,57,379445.4035,401914.1578
Salford 009,E02001165,13.95348837,27.90697674,25,36.36363636,1695,171,399,258,169,128,202,252,91,25,376919.6525,401908.1548
Salford 010,E02001166,,16,20.83333333,41.66666667,1458,317,358,188,243,36,119,119,64,14,383188.7869,401769.6752
Salford 011,E02001167,10.90909091,21.81818182,24.13793103,37.93103448,1713,273,342,182,223,89,182,234,148,40,381574.4465,401605.4475
Salford 012,E02001168,10.81081081,27.02702703,25.67567568,40.54054054,2655,397,637,351,263,159,280,347,192,29,377862.8407,401068.2455
Salford 013,E02001169,4.285714286,14.28571429,12.30769231,26.15384615,2860,873,786,314,358,129,153,158,71,18,372516.9905,400973.3423
Salford 014,E02001170,7.142857143,16.66666667,13.33333333,26.66666667,2480,782,743,249,290,107,114,135,48,12,376031.8071,400920.3072
Salford 015,E02001171,6.451612903,19.35483871,16.21621622,32.43243243,1603,287,439,215,180,97,151,166,55,13,378827.539,400747.998
Salford 016,,14.81481481,27.16049383,28.88888889,44.44444444,0,,,,,,,,,,,
Salford 017,E02001173,16.98113208,32.0754717,26.86567164,46.26865672,2280,145,289,234,196,133,300,458,252,273,381377.7412,400064.4896
Salford 018,E02001174,8.695652174,21.73913043,32.14285714,42.85714286,1515,251,417,202,159,82,135,156,60,53,379663.1357,400141.1248
Salford 019,E02001175,11.62790698,25.58139535,26.2295082,39.3442623,1962,252,411,271,189,132,243,282,150,32,375770.68,399449.5482
Salford 020,E02001176,12.5,18.75,14.75409836,31.14754098,2896,657,787,292,291,134,237,302,161,35,377344.8511,399257.3784
Salford 021,E02001177,12.16216216,28.37837838,31.76470588,44.70588235,3556,458,835,485,309,223,377,549,223,97,379313.4555,399070.3166
Salford 022,,12.5,25,20,37.5,0,,,,,,,,,,,
Salford 023,E02001179,11.62790698,30.23255814,33.33333333,46.66666667,1873,196,365,222,146,117,247,347,115,118,380418.7951,398893.4864
Salford 024,E02001180,11.11111111,25,26.47058824,44.11764706,1317,104,177,134,95,56,177,282,185,107,381283.5002,398950.5978
Salford 025,E02001181,13.33333333,26.66666667,26.41509434,39.62264151,1559,149,250,180,153,90,263,305,136,33,375473.4053,398211.4614
Salford 026,E02001182,12,28,24.48979592,38.7755102,1976,197,333,293,180,136,291,352,160,34,376966.4033,398165.598
Salford 027,E02001183,11.11111111,22.22222222,21.95121951,39.02439024,2006,191,421,266,198,171,254,343,134,28,376144.0134,398005.3863
Salford 028,,14.28571429,26.98412698,32.8125,46.875,0,,,,,,,,,,,
Salford 029,E02001185,11.42857143,25.71428571,25.64102564,38.46153846,2483,261,470,338,266,218,332,441,138,19,372503.7228,395045.2496
Salford 030,E02001186,8.75,22.5,25.92592593,37.03703704,2756,354,590,358,252,238,348,454,137,25,370988.5385,392622.6272
Stockport 001,E02001187,9.090909091,30.3030303,26.92307692,40.38461538,1854,239,394,278,229,136,211,278,74,15,389834.1467,394267.8592
Stockport 002,E02001188,9.615384615,25,22.72727273,39.39393939,2365,266,501,319,258,140,367,345,145,24,389131.1082,394121.3996
Stockport 003,E02001189,11.36363636,27.27272727,17.0212766,29.78723404,2239,404,564,284,271,157,216,262,65,16,389379.981,392830.5872
Stockport 004,E02001190,13.79310345,29.31034483,25.71428571,41.42857143,2034,134,308,227,159,146,364,394,279,23,391161.1497,392562.1399
Stockport 005,E02001191,7.407407407,22.22222222,24.24242424,39.39393939,1367,266,345,171,181,88,118,144,48,6,393845.5171,392295.7377
Stockport 006,E02001192,,17.85714286,13.88888889,25,1648,594,438,147,192,61,98,73,38,7,388243.595,392255.9914
Stockport 007,E02001193,9.756097561,24.3902439,28.57142857,47.61904762,1745,240,399,239,176,115,227,242,93,14,389267.193,391556.66
Stockport 008,E02001194,4.87804878,17.07317073,17.0212766,25.53191489,1563,563,475,122,187,51,73,59,30,3,387353.0841,391627.9212
Stockport 009,E02001195,9.523809524,21.42857143,19.56521739,36.95652174,2007,303,475,286,257,169,192,240,77,8,392419.7873,391544.407
Stockport 010,E02001196,9.523809524,21.42857143,20,30,1931,448,504,238,269,116,169,133,48,6,394770.9248,390970.6866
Stockport 011,E02001197,7.317073171,19.51219512,16,28,1643,437,467,163,208,69,130,98,61,10,388101.9603,390842.2234
Stockport 012,E02001198,13.33333333,28.88888889,23.21428571,35.71428571,1815,259,392,201,238,110,245,240,116,14,393128.9969,390836.3821
Stockport 013,E02001199,7.142857143,19.04761905,15.90909091,25,1995,649,594,186,252,72,99,93,44,6,386839.2158,390741.3195
Stockport 014,E02001200,10.86956522,26.08695652,30.6122449,46.93877551,1969,199,348,256,210,115,286,333,195,27,389781.3131,390246.4625
Stockport 015,E02001201,6.060606061,21.21212121,25,32.5,1596,250,364,250,198,111,183,186,43,11,391061.8902,389863.947
Stockport 016,E02001202,14.63414634,31.70731707,25.64102564,38.46153846,1859,226,411,296,176,118,243,253,113,23,388755.9845,389557.4026
Stockport 017,E02001203,,16.66666667,9.090909091,24.24242424,1427,558,429,98,196,43,49,40,14,0,396885.1983,389579.3247
Stockport 018,E02001204,9.259259259,24.07407407,22.95081967,42.62295082,2451,412,668,328,267,149,237,288,90,12,387762.655,389350.748
Stockport 019,E02001205,10.81081081,24.32432432,22.22222222,37.03703704,2297,278,508,366,240,193,256,343,98,15,390511.7137,389292.1707
Stockport 020,E02001206,5,15,12.5,25,1797,464,510,182,243,101,143,98,51,5,395290.9028,388740.8996
Stockport 021,E02001207,9.756097561,19.51219512,16.66666667,33.33333333,1732,345,452,226,244,114,146,167,32,6,392829.5532,388450.7898
Stockport 022,E02001208,11.76470588,23.52941176,19.04761905,35.71428571,2008,366,569,264,258,114,179,187,64,7,386938.1083,388504.1553
Stockport 023,E02001209,6.25,16.66666667,25.92592593,37.03703704,2158,398,581,270,226,125,220,242,87,9,389510.014,388643.3183
Stockport 024,E02001210,13.04347826,28.26086957,25,39.0625,1891,222,413,257,214,135,240,265,126,19,391723.9645,388505.3901
Stockport 025,E02001211,8.108108108,13.51351351,16,34,1667,559,498,149,199,60,82,71,45,4,384463.0682,388542.9022
Stockport 026,E02001212,13.04347826,26.08695652,23.68421053,39.47368421,1820,206,331,211,170,152,262,316,154,18,388653.1609,388219.45
Stockport 027,E02001213,7.317073171,24.3902439,14.28571429,26.98412698,2624,652,753,330,319,142,183,177,54,14,390774.0248,387893.1872
Stockport 028,E02001214,10,20,20,32.5,1853,587,460,158,278,60,133,102,71,4,385349.7327,387883.6473
Stockport 029,E02001215,8.571428571,25.71428571,13.88888889,27.77777778,1426,374,404,129,204,85,90,99,34,7,395927.2639,387844.9243
Stockport 030,E02001216,8.823529412,17.64705882,14.89361702,27.65957447,1879,572,572,156,230,64,113,107,48,17,387192.3239,387252.3351
Stockport 031,E02001217,8.333333333,22.22222222,20,35.55555556,1715,273,460,242,192,108,182,177,61,20,392170.0497,387269.5968
Stockport 032,E02001218,6.060606061,18.18181818,8.333333333,22.22222222,1464,488,419,117,187,64,80,67,37,5,388946.2243,386739.4489
Stockport 033,E02001219,8,24,17.24137931,31.03448276,1298,328,389,143,194,79,67,66,29,3,391345.9842,386313.4825
Stockport 034,E02001220,9.090909091,18.18181818,13.15789474,28.94736842,1424,398,387,156,179,68,115,75,41,5,386652.9347,386222.451
Stockport 035,E02001221,9.523809524,19.04761905,11.11111111,25,1432,383,409,171,189,76,89,84,27,4,392487.1386,386056.9013
Stockport 036,E02001222,7.894736842,18.42105263,23.80952381,38.0952381,1473,345,413,168,226,77,89,99,51,5,384804.0704,386143.1924
Stockport 037,E02001223,5.714285714,17.14285714,14.70588235,29.41176471,1608,550,447,147,231,47,81,64,37,4,389741.5389,385796.0494
Stockport 038,E02001224,10.52631579,21.05263158,13.33333333,36.66666667,1308,312,380,147,207,65,102,65,25,5,395159.0831,385481.7787
Stockport 039,E02001225,6.976744186,18.60465116,7.01754386,19.29824561,1851,612,536,167,203,91,114,75,48,5,387496.7914,385416.5167
Stockport 040,E02001226,10,22.5,25,36.53846154,1745,395,461,200,278,83,132,127,63,6,385460.7058,385496.6637
Stockport 041,E02001227,6.896551724,13.79310345,10.52631579,21.05263158,1349,539,401,71,166,44,54,45,27,2,388197.8186,384853.7251
Stockport 042,E02001228,,14.28571429,12,28,1535,622,449,103,195,40,63,32,25,6,389252.1694,383974.7808
Tameside 001,E02001229,10.41666667,20.83333333,12.6984127,28.57142857,2747,488,742,359,309,205,254,289,85,16,397421.7069,402393.8544
Tameside 002,E02001230,,19.04761905,23.52941176,41.17647059,1430,242,306,137,232,102,150,194,59,8,394120.9017,401090.9725
Tameside 003,E02001231,6.896551724,20.68965517,15.78947368,29.8245614,1898,281,446,234,236,139,202,263,83,14,398195.5888,400710.2136
Tameside 004,E02001232,11.9047619,23.80952381,26.86567164,38.80597015,2291,221,390,258,258,177,298,452,212,25,395159.395,400200.9688
Tameside 005,E02001233,15.625,25,26.92307692,40.38461538,1964,176,371,248,246,156,263,369,120,15,392953.7814,400145.7997
Tameside 006,E02001234,8.888888889,20,25,43.75,2033,167,359,277,222,140,306,376,157,29,394068.4814,400159.4401
Tameside 007,E02001235,11.11111111,22.22222222,18.36734694,32.65306122,1909,220,402,226,259,145,237,315,98,7,394836.3813,399258.4066
Tameside 008,E02001236,15.38461538,23.07692308,29.41176471,41.17647059,1604,132,244,183,178,106,262,324,143,32,396120.2031,399197.9479
Tameside 009,E02001237,8.571428571,22.85714286,18.36734694,28.57142857,1906,260,426,235,238,127,221,282,95,22,397557.7084,399078.0192
Tameside 010,E02001238,11.11111111,25.92592593,19.60784314,33.33333333,2050,268,439,277,236,179,268,283,87,13,391049.4783,398758.2374
Tameside 011,E02001239,10.52631579,26.31578947,25,40,2558,271,510,346,268,229,350,415,143,26,390109.4235,398719.1885
Tameside 012,E02001240,14.28571429,23.80952381,27.27272727,40.90909091,1725,185,344,242,193,134,224,299,94,10,389185.9802,398575.6166
Tameside 013,E02001241,11.84210526,27.63157895,24.17582418,41.75824176,2509,133,308,250,385,192,376,544,272,49,393040.8122,398578.7917
Tameside 014,E02001242,11.11111111,20,22.5,32.5,1863,310,484,249,255,136,169,189,53,18,391105.6212,397740.7674
Tameside 015,E02001243,7.142857143,17.85714286,15.90909091,29.54545455,2085,439,520,242,261,123,204,203,86,7,396985.6554,397993.1835
Tameside 016,E02001244,9.375,21.875,16.66666667,30.55555556,1405,197,336,197,169,125,139,186,52,4,395650.7544,397703.6072
Tameside 017,E02001245,11.11111111,24.07407407,26.31578947,38.59649123,2111,255,425,253,190,185,276,381,128,18,394091.1439,397700.6422
Tameside 018,E02001246,13.63636364,29.54545455,21.81818182,34.54545455,1872,179,364,260,170,164,256,329,132,18,395119.0235,397250.7652
Tameside 019,E02001247,14.28571429,26.53061224,27.45098039,39.21568627,1978,224,387,282,227,190,245,305,105,13,392281.2951,396863.53
Tameside 020,E02001248,11.11111111,22.22222222,21.11111111,35.55555556,3156,327,634,417,306,289,431,515,200,37,395039.6533,396082.5267
Tameside 021,E02001249,11.36363636,31.81818182,22.5,40,1707,155,324,220,201,144,276,257,103,27,392719.3726,395770.542
Tameside 022,E02001250,,18.18181818,22.22222222,38.88888889,1726,283,430,244,225,141,154,188,54,7,396099.9181,395527.2493
Tameside 023,E02001251,12.5,29.16666667,16.66666667,36.66666667,1567,287,388,174,219,114,159,169,45,12,399940.7177,395800.4975
Tameside 024,E02001252,7.894736842,23.68421053,20,35.55555556,1911,317,474,284,226,161,175,211,52,11,390335.5837,395198.0709
Tameside 025,E02001253,13.79310345,27.5862069,20.58823529,35.29411765,1307,150,280,190,129,114,169,209,58,8,392060.0351,395223.0774
Tameside 026,E02001254,12.90322581,22.58064516,22.85714286,37.14285714,1447,139,288,227,142,116,208,246,71,10,393229.5844,395010.4849
Tameside 027,E02001255,11.9047619,26.19047619,23.72881356,44.06779661,2058,145,338,284,192,158,310,419,197,15,398086.9144,394746.1809
Tameside 028,E02001256,11.86440678,22.03389831,25.92592593,40.74074074,2528,203,405,320,337,250,340,439,190,44,395136.5123,394566.2972
Tameside 029,E02001257,14.03508772,26.31578947,26.31578947,40.35087719,2259,211,463,320,272,157,327,357,144,8,393148.816,394007.8953
Tameside 030,E02001258,,18.51851852,19.56521739,30.43478261,1898,356,530,247,226,137,155,185,55,7,395133.8109,393570.6644
Trafford 001,E02001259,9.411764706,18.82352941,21.11111111,38.88888889,2888,397,593,303,335,143,358,378,276,105,382477.3178,396063.2304
Trafford 002,E02001260,12,22,16.36363636,36.36363636,2008,442,567,274,183,133,159,185,58,7,376816.5021,395672.8966
Trafford 003,E02001261,10.76923077,23.07692308,22.85714286,38.57142857,2425,398,607,340,247,134,235,313,120,31,380185.174,395430.3053
Trafford 004,E02001262,6.557377049,16.39344262,20.54794521,35.61643836,2090,429,438,212,308,99,201,238,154,11,381748.023,395321.1511
Trafford 005,E02001263,8.928571429,17.85714286,16.36363636,32.72727273,2059,553,610,214,236,123,132,140,44,7,374966.9054,395274.5155
Trafford 006,E02001264,9.375,20.3125,23.1884058,39.13043478,2314,404,630,304,305,127,205,255,78,6,378574.8768,394952.2758
Trafford 007,E02001265,5,18.33333333,23.33333333,36.66666667,2135,401,601,291,237,148,178,204,68,7,373948.126,394858.7127
Trafford 008,E02001266,10.63829787,25.53191489,27.65957447,38.29787234,1733,279,402,234,214,96,184,224,86,14,378038.0529,394697.3897
Trafford 009,E02001267,6.666666667,20,16.27906977,27.90697674,1812,467,491,241,172,95,133,149,56,8,376804.2654,394622.4373
Trafford 010,E02001268,4.651162791,18.60465116,16.27906977,32.55813953,1761,461,535,189,180,103,128,124,35,6,375810.5161,394492.3054
Trafford 011,E02001269,6.666666667,18.33333333,21.66666667,40,2143,456,592,245,251,97,187,208,94,13,379843.3834,394587.4246
Trafford 012,E02001270,5.333333333,17.33333333,14.28571429,23.21428571,2254,764,633,198,221,103,153,119,48,15,378387.4901,392482.7334
Trafford 013,E02001271,8.163265306,20.40816327,15.09433962,33.96226415,1735,352,437,232,217,92,152,173,70,10,376844.8272,392436.2595
Trafford 014,E02001272,7.01754386,19.29824561,13.55932203,25.42372881,2023,687,588,192,221,77,123,91,42,2,379832.4352,391635.7886
Trafford 015,E02001273,4.225352113,16.90140845,11.11111111,26.38888889,2395,849,717,227,205,105,126,104,46,16,378845.8743,391643.6892
Trafford 016,E02001274,7.5,17.5,13.1147541,26.2295082,1885,749,467,157,248,58,88,67,43,8,377181.4802,391454.2544
Trafford 017,E02001275,10.52631579,26.31578947,26.25,43.75,2144,185,372,244,217,201,366,369,164,26,371442.0866,391194.4851
Trafford 018,E02001276,7.042253521,21.12676056,20.63492063,33.33333333,2136,458,545,267,236,112,202,188,115,13,380282.9537,390984.8392
Trafford 019,E02001277,6.329113924,21.51898734,23.86363636,39.77272727,2510,570,516,274,257,127,291,324,127,24,376135.5861,390297.9227
Trafford 020,E02001278,6.25,15.625,16.66666667,30.55555556,2214,806,650,219,229,74,103,88,34,11,377372.51,390151.283
Trafford 021,E02001279,7.936507937,19.04761905,12.67605634,25.35211268,2143,775,632,205,235,88,104,70,30,4,378307.5179,390017.3342
Trafford 022,E02001280,11.11111111,24.07407407,19.48051948,33.76623377,2048,420,464,232,286,111,216,212,98,9,379428.948,388702.5336
Trafford 023,E02001281,4.444444444,15.55555556,10.34482759,25.86206897,1867,674,544,177,206,70,94,72,27,3,378268.8732,388691.5612
Trafford 024,E02001282,3.75,15,15.85365854,28.04878049,2739,985,754,219,273,109,160,160,68,11,376990.9595,388662.0691
Trafford 025,E02001283,5.660377358,16.98113208,12.96296296,25.92592593,2355,985,610,151,286,75,100,87,51,10,375859.2579,388216.0266
Trafford 026,E02001284,3.571428571,16.07142857,16,28,2136,988,574,118,250,50,77,43,27,9,377683.6905,386974.4416
Trafford 027,E02001285,,14.70588235,13.63636364,27.27272727,1834,786,481,96,242,47,67,57,52,6,376222.1943,386627.7544
Trafford 028,E02001286,6.976744186,16.27906977,10.63829787,25.53191489,1889,808,430,104,334,35,68,52,51,7,379068.8074,386002.3779
Wigan 001,E02001287,10.25641026,20.51282051,14.63414634,21.95121951,1813,370,516,216,212,138,149,172,35,5,355443.749,410661.0753
Wigan 002,E02001288,8.333333333,20.83333333,15.68627451,29.41176471,2156,476,649,230,259,140,140,194,58,10,356701.1319,409981.3889
Wigan 003,E02001289,9.433962264,22.64150943,16.66666667,33.33333333,2568,494,734,305,299,187,185,294,63,7,354229.5768,408662.6628
Wigan 004,E02001290,10,23.33333333,21.21212121,36.36363636,1571,290,406,163,202,86,158,195,68,3,360900.1795,408493.6349
Wigan 005,E02001291,10.41666667,27.08333333,22.64150943,39.62264151,2085,220,376,241,229,159,285,437,124,14,356847.5828,407193.6376
Wigan 006,E02001292,10,22.5,17.0212766,29.78723404,2010,366,539,239,223,129,183,249,72,10,358254.7382,406986.1429
Wigan 007,E02001293,11.76470588,26.47058824,22.5,40,1642,209,377,193,189,142,169,288,61,14,360104.592,406731.9489
Wigan 008,E02001294,13.63636364,25,25,43.18181818,2107,247,496,284,237,141,232,355,82,33,357460.9733,406382.9516
Wigan 009,E02001295,11.62790698,30.23255814,29.54545455,40.90909091,1738,92,249,182,193,130,238,473,170,11,359070.2664,405764.2489
Wigan 010,E02001296,12.5,32.29166667,31.39534884,45.34883721,2376,76,249,186,213,189,381,728,323,31,355837.2891,405485.0864
Wigan 011,E02001297,9.756097561,26.82926829,32.55813953,44.18604651,1725,153,317,176,188,147,231,397,99,17,354694.5243,405474.6113
Wigan 012,E02001298,11.29032258,25.80645161,29.85074627,44.7761194,2148,107,283,205,257,190,305,583,191,27,360023.9213,405286.4943
Wigan 013,E02001299,12,26,27.11864407,38.98305085,2295,258,485,290,278,183,285,383,123,10,361865.3884,404430.2118
Wigan 014,E02001300,12.76595745,25.53191489,26.41509434,39.62264151,2055,163,380,248,234,174,268,434,136,18,355577.6435,404488.7087
Wigan 015,E02001301,11.29032258,24.19354839,27.86885246,44.26229508,2373,183,430,249,226,210,333,552,148,42,357086.3258,404453.5133
Wigan 016,E02001302,9.433962264,24.52830189,22.80701754,35.0877193,2006,193,370,236,225,156,281,386,141,18,362563.5248,404097.6095
Wigan 017,E02001303,10.9375,23.4375,27.94117647,42.64705882,2357,211,403,281,273,170,325,448,216,30,367384.1239,403975.5256
Wigan 018,E02001304,11.11111111,23.45679012,17.24137931,28.73563218,3275,630,901,407,381,257,246,340,89,24,353099.7873,404032.3614
Wigan 019,E02001305,8.510638298,21.27659574,20.83333333,35.41666667,2242,268,494,275,286,215,250,347,100,7,363859.1057,403299.2441
Wigan 020,E02001306,8.108108108,21.62162162,25.64102564,38.46153846,1857,230,359,236,230,166,211,342,75,8,357299.3447,403219.5903
Wigan 021,E02001307,12.19512195,24.3902439,21.33333333,36,3033,532,830,376,350,269,255,355,56,10,355783.5762,403033.4461
Wigan 022,E02001308,13.79310345,27.5862069,15.15151515,30.3030303,1522,176,339,217,209,114,188,217,57,5,368157.8279,403027.4272
Wigan 023,E02001309,10.86956522,19.56521739,25.53191489,40.42553191,2190,293,522,267,286,188,235,301,82,16,366711.0047,402880.7169
Wigan 024,E02001310,12.16216216,28.37837838,25.67567568,39.18918919,2435,187,407,225,283,196,313,586,209,29,360102.0822,402975.5587
Wigan 025,E02001311,10.41666667,27.08333333,29.16666667,41.66666667,2136,241,465,289,276,180,254,290,124,17,369425.7566,402194.8171
Wigan 026,E02001312,11.32075472,24.52830189,27.27272727,39.39393939,2210,227,438,247,259,205,278,407,130,19,361438.5836,401700.5311
Wigan 027,E02001313,11.47540984,26.2295082,26.2295082,42.62295082,2111,172,354,213,267,155,326,429,170,25,365075.2408,401683.8995
Wigan 028,E02001314,11.36363636,25,18.33333333,30,2135,366,562,298,276,148,169,222,78,16,369646.6748,401252.5928
Wigan 029,E02001315,13.79310345,27.5862069,24.07407407,38.88888889,2562,487,686,339,326,190,207,230,91,6,370459.7101,400855.8476
Wigan 030,E02001316,11.32075472,24.52830189,25.49019608,43.1372549,1918,129,326,220,232,155,277,417,138,24,365684.2445,400601.3843
Wigan 031,E02001317,6.12244898,24.48979592,26.78571429,35.71428571,2350,307,517,297,304,180,251,365,118,11,366889.9122,400460.2142
Wigan 032,E02001318,11.36363636,27.27272727,27.08333333,43.75,1935,235,415,217,225,153,223,362,91,14,357096.7248,400515.0102
Wigan 033,E02001319,8.928571429,23.21428571,25.53191489,42.55319149,2228,203,400,261,257,190,344,406,151,16,364327.1861,400301.6208
Wigan 034,E02001320,9.302325581,25.58139535,20.83333333,33.33333333,1899,174,397,240,234,150,265,306,117,16,367014.3107,399517.0865
Wigan 035,E02001321,10.20408163,26.53061224,20.68965517,34.48275862,2085,269,504,268,237,157,239,327,75,9,358561.7181,399441.8568
Wigan 036,E02001322,11.11111111,19.44444444,26.66666667,42.22222222,1802,229,435,222,223,142,201,271,72,7,357403.2659,399343.1981
Wigan 037,E02001323,8.163265306,20.40816327,24.48979592,36.73469388,1957,308,448,227,255,142,215,262,87,13,365452.0498,399189.4299
Wigan 038,E02001324,11.11111111,27.77777778,27.41935484,43.5483871,2155,200,436,244,274,196,269,417,100,19,360365.3334,398012.761
Wigan 039,E02001325,9.302325581,23.25581395,21.27659574,34.04255319,2371,492,683,280,273,171,190,217,55,10,361746.8365,397748.7662
Wigan 040,E02001326,12.5,25,22.22222222,37.03703704,2111,386,567,227,276,137,205,245,60,8,363053.8503,397569.4443
